,loss,accuracy,val_loss,val_accuracy
0,0.4261954426765442,0.8025360107421875,0.5092568397521973,0.76776123046875
1,0.3271436393260956,0.8608818054199219,0.41182565689086914,0.81268310546875
2,0.29810675978660583,0.8761978149414062,0.3229498267173767,0.852874755859375
3,0.27854129672050476,0.8858528137207031,0.3302932679653168,0.853118896484375
4,0.2652665078639984,0.8921394348144531,0.39530298113822937,0.831573486328125
5,0.25490307807922363,0.8978080749511719,0.3348929286003113,0.849029541015625
