,loss,accuracy,val_loss,val_accuracy
0,0.44688209891319275,0.8062400817871094,0.43475136160850525,0.80218505859375
1,0.4275738298892975,0.8111763000488281,0.6117851734161377,0.806793212890625
2,0.40764468908309937,0.8207321166992188,0.4726567268371582,0.813018798828125
3,0.39060765504837036,0.8240203857421875,0.41521528363227844,0.80712890625
4,0.3959934711456299,0.8236961364746094,0.43480390310287476,0.79058837890625
5,0.37429678440093994,0.8306617736816406,0.47051912546157837,0.775604248046875
6,0.3664102256298065,0.8305015563964844,0.4459717273712158,0.799652099609375
