,loss,accuracy,val_loss,val_accuracy
0,0.3764760494232178,0.8435859680175781,0.6093836426734924,0.755859375
1,0.26408064365386963,0.8946151733398438,1.8942850828170776,0.472991943359375
2,0.20476752519607544,0.9218711853027344,2.207430362701416,0.52581787109375
3,0.18612705171108246,0.9302825927734375,0.4492923617362976,0.803802490234375
4,0.17080137133598328,0.9365081787109375,0.7296308875083923,0.717926025390625
5,0.1478397250175476,0.9456520080566406,0.5144790410995483,0.79083251953125
6,0.12724900245666504,0.9542083740234375,0.5435461401939392,0.764190673828125
