,loss,accuracy,val_loss,val_accuracy
0,0.373955637216568,0.8380165100097656,0.39547836780548096,0.81060791015625
1,0.3092389702796936,0.8689460754394531,0.4038841128349304,0.814239501953125
2,0.2732142508029938,0.8869552612304688,0.4398527443408966,0.816925048828125
3,0.24202032387256622,0.9012947082519531,0.47213655710220337,0.80517578125
