,loss,accuracy,val_loss,val_accuracy
0,0.36596158146858215,0.837249755859375,0.40191254019737244,0.80072021484375
1,0.321959525346756,0.8600234985351562,0.4297710955142975,0.79302978515625
2,0.30381208658218384,0.8697471618652344,0.4108806550502777,0.805450439453125
3,0.29040825366973877,0.8763008117675781,0.4119866192340851,0.802825927734375
4,0.27978435158729553,0.8816604614257812,0.4320482015609741,0.79583740234375
5,0.27136528491973877,0.885345458984375,0.44600632786750793,0.78643798828125
6,0.26386120915412903,0.8890228271484375,0.41889646649360657,0.805450439453125
7,0.25818032026290894,0.8912582397460938,0.4206838309764862,0.802459716796875
8,0.2529456317424774,0.8933296203613281,0.421553373336792,0.804962158203125
