,loss,accuracy,val_loss,val_accuracy
0,0.3642517328262329,0.8418960571289062,0.4072037935256958,0.81964111328125
1,0.3129956126213074,0.8681297302246094,0.3443729877471924,0.846527099609375
2,0.2876981794834137,0.8816261291503906,0.4092194736003876,0.8138427734375
3,0.27099692821502686,0.8889274597167969,0.3491956889629364,0.840789794921875
4,0.2554795742034912,0.8968505859375,0.3042643964290619,0.86383056640625
5,0.24590696394443512,0.9016914367675781,0.31708452105522156,0.85833740234375
6,0.23800285160541534,0.9057807922363281,0.30154335498809814,0.8680419921875
7,0.2312026470899582,0.9084739685058594,0.295297771692276,0.869415283203125
